{"filename":"azurite/__azurite_db_blob_extent__.json","collections":[{"name":"$EXTENTS_COLLECTION$","data":[{"id":"0b504536-c9ca-46ba-ac58-976ae7186f70","locationId":"Default","path":"0b504536-c9ca-46ba-ac58-976ae7186f70","size":1066,"lastModifiedInMS":1762306524930,"meta":{"revision":4,"created":1762306524930,"version":0,"updated":1762307353434},"$loki":1,"LastModifyInMS":1762307353434},{"id":"32323797-c0d1-436e-8f73-245ccb7a5a65","locationId":"Default","path":"32323797-c0d1-436e-8f73-245ccb7a5a65","size":30,"lastModifiedInMS":1762308531088,"meta":{"revision":7,"created":1762308531089,"version":0,"updated":1762309656289},"$loki":2,"LastModifyInMS":1762309656289},{"id":"ca9f3b93-760e-458e-a1f0-544a5f08e48b","locationId":"Default","path":"ca9f3b93-760e-458e-a1f0-544a5f08e48b","size":6,"lastModifiedInMS":1762310182782,"meta":{"revision":1,"created":1762310182783,"version":0,"updated":1762310183100},"$loki":3,"LastModifyInMS":1762310183100},{"id":"8462d4eb-0669-4a91-94c0-9246c1d836d7","locationId":"Default","path":"8462d4eb-0669-4a91-94c0-9246c1d836d7","size":96,"lastModifiedInMS":1762311037332,"meta":{"revision":31,"created":1762311037333,"version":0,"updated":1762318894961},"$loki":4,"LastModifyInMS":1762318894961}],"idIndex":[1,2,3,4],"binaryIndices":{"id":{"name":"id","dirty":false,"values":[0,1,3,2]}},"constraints":null,"uniqueNames":[],"transforms":{},"objType":"$EXTENTS_COLLECTION$","dirty":false,"cachedIndex":null,"cachedBinaryIndex":null,"cachedData":null,"adaptiveBinaryIndices":true,"transactional":false,"cloneObjects":false,"cloneMethod":"parse-stringify","asyncListeners":false,"disableMeta":false,"disableChangesApi":true,"disableDeltaChangesApi":true,"autoupdate":false,"serializableIndices":true,"disableFreeze":true,"ttl":null,"maxId":4,"DynamicViews":[],"events":{"insert":[],"update":[],"pre-insert":[],"pre-update":[],"close":[],"flushbuffer":[],"error":[],"delete":[null],"warning":[null]},"changes":[],"dirtyIds":[]}],"databaseVersion":1.5,"engineVersion":1.5,"autosave":true,"autosaveInterval":5000,"autosaveHandle":null,"throttledSaves":true,"options":{"persistenceMethod":"fs","autosave":true,"autosaveInterval":5000,"serializationMethod":"normal","destructureDelimiter":"$<\n"},"persistenceMethod":"fs","persistenceAdapter":null,"verbose":false,"events":{"init":[null],"loaded":[],"flushChanges":[],"close":[],"changes":[],"warning":[]},"ENV":"NODEJS"}