{"filename":"azurite/__azurite_db_queue_extent__.json","collections":[{"name":"$EXTENTS_COLLECTION$","data":[{"id":"d4e3d56f-d467-4fb5-a37c-355905e54fbe","locationId":"Default","path":"d4e3d56f-d467-4fb5-a37c-355905e54fbe","size":2160,"lastModifiedInMS":1762309099849,"meta":{"revision":7,"created":1762309099849,"version":0,"updated":1762309657452},"$loki":1,"LastModifyInMS":1762309657451},{"id":"da7b21c0-74fb-427a-9b92-feb1a97eae2f","locationId":"Default","path":"da7b21c0-74fb-427a-9b92-feb1a97eae2f","size":576,"lastModifiedInMS":1762310183153,"meta":{"revision":1,"created":1762310183153,"version":0,"updated":1762310184139},"$loki":2,"LastModifyInMS":1762310184138},{"id":"171f43a4-77f8-4685-9056-97719ebef979","locationId":"Default","path":"171f43a4-77f8-4685-9056-97719ebef979","size":4564,"lastModifiedInMS":1762311039117,"meta":{"revision":15,"created":1762311039117,"version":0,"updated":1762318895003},"$loki":3,"LastModifyInMS":1762318895003}],"idIndex":[1,2,3],"binaryIndices":{"id":{"name":"id","dirty":false,"values":[2,0,1]}},"constraints":null,"uniqueNames":[],"transforms":{},"objType":"$EXTENTS_COLLECTION$","dirty":false,"cachedIndex":null,"cachedBinaryIndex":null,"cachedData":null,"adaptiveBinaryIndices":true,"transactional":false,"cloneObjects":false,"cloneMethod":"parse-stringify","asyncListeners":false,"disableMeta":false,"disableChangesApi":true,"disableDeltaChangesApi":true,"autoupdate":false,"serializableIndices":true,"disableFreeze":true,"ttl":null,"maxId":3,"DynamicViews":[],"events":{"insert":[],"update":[],"pre-insert":[],"pre-update":[],"close":[],"flushbuffer":[],"error":[],"delete":[null],"warning":[null]},"changes":[],"dirtyIds":[]}],"databaseVersion":1.5,"engineVersion":1.5,"autosave":true,"autosaveInterval":5000,"autosaveHandle":null,"throttledSaves":true,"options":{"persistenceMethod":"fs","autosave":true,"autosaveInterval":5000,"serializationMethod":"normal","destructureDelimiter":"$<\n"},"persistenceMethod":"fs","persistenceAdapter":null,"verbose":false,"events":{"init":[null],"loaded":[],"flushChanges":[],"close":[],"changes":[],"warning":[]},"ENV":"NODEJS"}