{"filename":"azurite/__azurite_db_blob__.json","collections":[{"name":"$SERVICES_COLLECTION$","data":[],"idIndex":null,"binaryIndices":{},"constraints":null,"uniqueNames":["accountName"],"transforms":{},"objType":"$SERVICES_COLLECTION$","dirty":false,"cachedIndex":null,"cachedBinaryIndex":null,"cachedData":null,"adaptiveBinaryIndices":true,"transactional":false,"cloneObjects":false,"cloneMethod":"parse-stringify","asyncListeners":false,"disableMeta":false,"disableChangesApi":true,"disableDeltaChangesApi":true,"autoupdate":false,"serializableIndices":true,"disableFreeze":true,"ttl":null,"maxId":0,"DynamicViews":[],"events":{"insert":[],"update":[],"pre-insert":[],"pre-update":[],"close":[],"flushbuffer":[],"error":[],"delete":[null],"warning":[null]},"changes":[],"dirtyIds":[]},{"name":"$CONTAINERS_COLLECTION$","data":[{"accountName":"devstoreaccount1","name":"my-container","properties":{"etag":"\"0x270D6A677C04DC0\"","lastModified":"2025-11-05T01:29:54.742Z","leaseStatus":"unlocked","leaseState":"available","hasImmutabilityPolicy":false,"hasLegalHold":false},"meta":{"revision":0,"created":1762306194747,"version":0},"$loki":1},{"accountName":"devstoreaccount1","name":"azure-webjobs-hosts","properties":{"etag":"\"0x23977713C378240\"","lastModified":"2025-11-05T01:35:24.912Z","leaseStatus":"unlocked","leaseState":"available","hasImmutabilityPolicy":false,"hasLegalHold":false},"meta":{"revision":0,"created":1762306524915,"version":0},"$loki":2},{"accountName":"devstoreaccount1","name":"azure-webjobs-secrets","properties":{"etag":"\"0x1D03EB12C4804A0\"","lastModified":"2025-11-05T01:47:24.419Z","leaseStatus":"unlocked","leaseState":"available","hasImmutabilityPolicy":false,"hasLegalHold":false},"meta":{"revision":0,"created":1762307244424,"version":0},"$loki":3}],"idIndex":null,"binaryIndices":{"accountName":{"name":"accountName","dirty":false,"values":[2,1,0]},"name":{"name":"name","dirty":false,"values":[1,2,0]}},"constraints":null,"uniqueNames":[],"transforms":{},"objType":"$CONTAINERS_COLLECTION$","dirty":false,"cachedIndex":null,"cachedBinaryIndex":null,"cachedData":null,"adaptiveBinaryIndices":true,"transactional":false,"cloneObjects":false,"cloneMethod":"parse-stringify","asyncListeners":false,"disableMeta":false,"disableChangesApi":true,"disableDeltaChangesApi":true,"autoupdate":false,"serializableIndices":true,"disableFreeze":true,"ttl":null,"maxId":3,"DynamicViews":[],"events":{"insert":[],"update":[],"pre-insert":[],"pre-update":[],"close":[],"flushbuffer":[],"error":[],"delete":[null],"warning":[null]},"changes":[],"dirtyIds":[]},{"name":"$BLOBS_COLLECTION$","data":[{"deleted":false,"metadata":{"FunctionInstance":"0000000000000000000000002CD5ADB3"},"accountName":"devstoreaccount1","containerName":"azure-webjobs-hosts","name":"locks/bibix-466276541/host","properties":{"creationTime":"2025-11-05T01:35:24.920Z","lastModified":"2025-11-05T05:01:25.425Z","etag":"\"0x26C18DD659477C0\"","contentLength":0,"contentType":"application/octet-stream","contentMD5":{"type":"Buffer","data":[212,29,140,217,143,0,178,4,233,128,9,152,236,248,66,126]},"blobType":"BlockBlob","leaseStatus":"unlocked","leaseState":"available","serverEncrypted":true,"accessTier":"Hot","accessTierInferred":true,"accessTierChangeTime":"2025-11-05T01:35:24.920Z"},"snapshot":"","isCommitted":true,"persistency":{"id":"0b504536-c9ca-46ba-ac58-976ae7186f70","offset":0,"count":0},"meta":{"revision":857,"created":1762306524933,"version":0,"updated":1762319204656},"$loki":1},{"deleted":false,"accountName":"devstoreaccount1","containerName":"azure-webjobs-secrets","name":"bibix-466276541/host.json","properties":{"creationTime":"2025-11-05T01:47:24.600Z","lastModified":"2025-11-05T01:47:24.600Z","etag":"\"0x2625EA75A5AE0C0\"","contentLength":604,"contentType":"application/octet-stream","contentMD5":{"type":"Buffer","data":[109,167,200,200,5,149,229,5,34,127,223,120,161,231,101,64]},"blobType":"BlockBlob","leaseStatus":"unlocked","leaseState":"available","serverEncrypted":true,"accessTier":"Hot","accessTierInferred":true,"accessTierChangeTime":"2025-11-05T01:47:24.600Z"},"snapshot":"","isCommitted":true,"persistency":{"id":"0b504536-c9ca-46ba-ac58-976ae7186f70","offset":456,"count":604},"meta":{"revision":0,"created":1762307244609,"version":0},"$loki":3},{"deleted":false,"accountName":"devstoreaccount1","containerName":"azure-webjobs-hosts","name":"locks/bibix-466276541/WebJobs.Internal.Blobs.Listener","properties":{"creationTime":"2025-11-05T01:47:24.965Z","lastModified":"2025-11-05T01:47:24.965Z","etag":"\"0x21B93B0F4DB5B40\"","contentLength":0,"contentType":"application/octet-stream","contentMD5":{"type":"Buffer","data":[212,29,140,217,143,0,178,4,233,128,9,152,236,248,66,126]},"blobType":"BlockBlob","leaseStatus":"unlocked","leaseState":"available","serverEncrypted":true,"accessTier":"Hot","accessTierInferred":true,"accessTierChangeTime":"2025-11-05T01:47:24.965Z"},"snapshot":"","isCommitted":true,"persistency":{"id":"0b504536-c9ca-46ba-ac58-976ae7186f70","offset":1060,"count":0},"meta":{"revision":1215,"created":1762307244970,"version":0,"updated":1762319204630},"$loki":4},{"deleted":false,"accountName":"devstoreaccount1","containerName":"my-container","name":"/test.txt","properties":{"creationTime":"2025-11-05T02:08:51.079Z","lastModified":"2025-11-05T02:08:51.079Z","etag":"\"0x1CB12DB89862520\"","contentLength":6,"contentType":"text/plain","contentMD5":{"type":"Buffer","data":[177,148,106,201,36,146,210,52,124,98,53,180,210,97,17,132]},"blobType":"BlockBlob","leaseStatus":"unlocked","leaseState":"available","serverEncrypted":true,"accessTier":"Hot","accessTierInferred":true,"accessTierChangeTime":"2025-11-05T02:08:51.079Z"},"snapshot":"","isCommitted":true,"persistency":{"id":"32323797-c0d1-436e-8f73-245ccb7a5a65","offset":0,"count":6},"meta":{"revision":0,"created":1762308531092,"version":0},"$loki":6},{"deleted":false,"accountName":"devstoreaccount1","containerName":"azure-webjobs-hosts","name":"blobreceipts/bibix-466276541/Host.Functions.BlobWatcher/\"0x1BF3F2DF18AC990\"/my-container/test.txt","properties":{"creationTime":"2025-11-05T02:18:19.751Z","lastModified":"2025-11-05T02:18:19.943Z","etag":"\"0x209004C097ED360\"","contentLength":0,"contentType":"application/octet-stream","contentMD5":{"type":"Buffer","data":[212,29,140,217,143,0,178,4,233,128,9,152,236,248,66,126]},"blobType":"BlockBlob","leaseStatus":"unlocked","leaseState":"available","serverEncrypted":true,"accessTier":"Hot","accessTierInferred":true,"accessTierChangeTime":"2025-11-05T02:18:19.751Z"},"snapshot":"","isCommitted":true,"persistency":{"id":"32323797-c0d1-436e-8f73-245ccb7a5a65","offset":18,"count":0},"meta":{"revision":3,"created":1762309099756,"version":0,"updated":1762309099974},"$loki":9},{"deleted":false,"accountName":"devstoreaccount1","containerName":"my-container","name":"test.txt","properties":{"creationTime":"2025-11-05T02:20:37.352Z","lastModified":"2025-11-05T02:20:37.352Z","etag":"\"0x2018E90B3B4A580\"","contentLength":6,"contentType":"text/plain","contentMD5":{"type":"Buffer","data":[177,148,106,201,36,146,210,52,124,98,53,180,210,97,17,132]},"blobType":"BlockBlob","leaseStatus":"unlocked","leaseState":"available","serverEncrypted":true,"accessTier":"Hot","accessTierInferred":true,"accessTierChangeTime":"2025-11-05T02:20:37.352Z"},"snapshot":"","isCommitted":true,"persistency":{"id":"32323797-c0d1-436e-8f73-245ccb7a5a65","offset":18,"count":6},"meta":{"revision":0,"created":1762309237358,"version":0},"$loki":10},{"deleted":false,"accountName":"devstoreaccount1","containerName":"azure-webjobs-hosts","name":"blobreceipts/bibix-466276541/Host.Functions.BlobWatcher/\"0x2018E90B3B4A580\"/my-container/test.txt","properties":{"creationTime":"2025-11-05T02:20:38.233Z","lastModified":"2025-11-05T02:20:38.366Z","etag":"\"0x21301996E3CE480\"","contentLength":0,"contentType":"application/octet-stream","contentMD5":{"type":"Buffer","data":[212,29,140,217,143,0,178,4,233,128,9,152,236,248,66,126]},"blobType":"BlockBlob","leaseStatus":"unlocked","leaseState":"available","serverEncrypted":true,"accessTier":"Hot","accessTierInferred":true,"accessTierChangeTime":"2025-11-05T02:20:38.233Z"},"snapshot":"","isCommitted":true,"persistency":{"id":"32323797-c0d1-436e-8f73-245ccb7a5a65","offset":24,"count":0},"meta":{"revision":3,"created":1762309238236,"version":0,"updated":1762309238419},"$loki":11},{"deleted":false,"accountName":"devstoreaccount1","containerName":"my-container","name":"test_251104-2711/04/2534.txt","properties":{"creationTime":"2025-11-05T02:27:35.608Z","lastModified":"2025-11-05T02:27:35.608Z","etag":"\"0x2352C2C39D97FA0\"","contentLength":6,"contentType":"text/plain","contentMD5":{"type":"Buffer","data":[177,148,106,201,36,146,210,52,124,98,53,180,210,97,17,132]},"blobType":"BlockBlob","leaseStatus":"unlocked","leaseState":"available","serverEncrypted":true,"accessTier":"Hot","accessTierInferred":true,"accessTierChangeTime":"2025-11-05T02:27:35.608Z"},"snapshot":"","isCommitted":true,"persistency":{"id":"32323797-c0d1-436e-8f73-245ccb7a5a65","offset":24,"count":6},"meta":{"revision":0,"created":1762309655614,"version":0},"$loki":12},{"deleted":false,"accountName":"devstoreaccount1","containerName":"azure-webjobs-hosts","name":"blobreceipts/bibix-466276541/Host.Functions.BlobWatcher/\"0x2352C2C39D97FA0\"/my-container/test_251104-2711/04/2534.txt","properties":{"creationTime":"2025-11-05T02:27:36.286Z","lastModified":"2025-11-05T02:27:36.407Z","etag":"\"0x1EBA18D2521BD80\"","contentLength":0,"contentType":"application/octet-stream","contentMD5":{"type":"Buffer","data":[212,29,140,217,143,0,178,4,233,128,9,152,236,248,66,126]},"blobType":"BlockBlob","leaseStatus":"unlocked","leaseState":"available","serverEncrypted":true,"accessTier":"Hot","accessTierInferred":true,"accessTierChangeTime":"2025-11-05T02:27:36.286Z"},"snapshot":"","isCommitted":true,"persistency":{"id":"32323797-c0d1-436e-8f73-245ccb7a5a65","offset":30,"count":0},"meta":{"revision":3,"created":1762309656289,"version":0,"updated":1762309656424},"$loki":13},{"deleted":false,"accountName":"devstoreaccount1","containerName":"my-container","name":"test_251104-3611/04/2521.txt","properties":{"creationTime":"2025-11-05T02:36:22.776Z","lastModified":"2025-11-05T02:36:22.776Z","etag":"\"0x26C4E9396DB7460\"","contentLength":6,"contentType":"text/plain","contentMD5":{"type":"Buffer","data":[177,148,106,201,36,146,210,52,124,98,53,180,210,97,17,132]},"blobType":"BlockBlob","leaseStatus":"unlocked","leaseState":"available","serverEncrypted":true,"accessTier":"Hot","accessTierInferred":true,"accessTierChangeTime":"2025-11-05T02:36:22.776Z"},"snapshot":"","isCommitted":true,"persistency":{"id":"ca9f3b93-760e-458e-a1f0-544a5f08e48b","offset":0,"count":6},"meta":{"revision":0,"created":1762310182785,"version":0},"$loki":14},{"deleted":false,"accountName":"devstoreaccount1","containerName":"azure-webjobs-hosts","name":"blobreceipts/bibix-466276541/Host.Functions.BlobWatcher/\"0x26C4E9396DB7460\"/my-container/test_251104-3611/04/2521.txt","properties":{"creationTime":"2025-11-05T02:36:23.098Z","lastModified":"2025-11-05T02:36:23.181Z","etag":"\"0x269238DC5C9B080\"","contentLength":0,"contentType":"application/octet-stream","contentMD5":{"type":"Buffer","data":[212,29,140,217,143,0,178,4,233,128,9,152,236,248,66,126]},"blobType":"BlockBlob","leaseStatus":"unlocked","leaseState":"available","serverEncrypted":true,"accessTier":"Hot","accessTierInferred":true,"accessTierChangeTime":"2025-11-05T02:36:23.098Z"},"snapshot":"","isCommitted":true,"persistency":{"id":"ca9f3b93-760e-458e-a1f0-544a5f08e48b","offset":6,"count":0},"meta":{"revision":3,"created":1762310183101,"version":0,"updated":1762310183199},"$loki":15},{"deleted":false,"accountName":"devstoreaccount1","containerName":"my-container","name":"test_251104-5011/04/2536.txt","properties":{"creationTime":"2025-11-05T02:50:37.324Z","lastModified":"2025-11-05T02:50:37.324Z","etag":"\"0x1E94563BF2DB720\"","contentLength":6,"contentType":"text/plain","contentMD5":{"type":"Buffer","data":[177,148,106,201,36,146,210,52,124,98,53,180,210,97,17,132]},"blobType":"BlockBlob","leaseStatus":"unlocked","leaseState":"available","serverEncrypted":true,"accessTier":"Hot","accessTierInferred":true,"accessTierChangeTime":"2025-11-05T02:50:37.324Z"},"snapshot":"","isCommitted":true,"persistency":{"id":"8462d4eb-0669-4a91-94c0-9246c1d836d7","offset":0,"count":6},"meta":{"revision":0,"created":1762311037335,"version":0},"$loki":16},{"deleted":false,"accountName":"devstoreaccount1","containerName":"azure-webjobs-hosts","name":"blobreceipts/bibix-466276541/Host.Functions.BlobWatcher/\"0x1E94563BF2DB720\"/my-container/test_251104-5011/04/2536.txt","properties":{"creationTime":"2025-11-05T02:50:39.051Z","lastModified":"2025-11-05T02:50:39.163Z","etag":"\"0x21746DB3D6BCCA0\"","contentLength":0,"contentType":"application/octet-stream","contentMD5":{"type":"Buffer","data":[212,29,140,217,143,0,178,4,233,128,9,152,236,248,66,126]},"blobType":"BlockBlob","leaseStatus":"unlocked","leaseState":"available","serverEncrypted":true,"accessTier":"Hot","accessTierInferred":true,"accessTierChangeTime":"2025-11-05T02:50:39.051Z"},"snapshot":"","isCommitted":true,"persistency":{"id":"8462d4eb-0669-4a91-94c0-9246c1d836d7","offset":6,"count":0},"meta":{"revision":3,"created":1762311039059,"version":0,"updated":1762311039179},"$loki":17},{"deleted":false,"accountName":"devstoreaccount1","containerName":"my-container","name":"test_251104-5811/04/2531.txt","properties":{"creationTime":"2025-11-05T02:58:32.068Z","lastModified":"2025-11-05T02:58:32.068Z","etag":"\"0x1BB8DAED76EE7B0\"","contentLength":6,"contentType":"text/plain","contentMD5":{"type":"Buffer","data":[177,148,106,201,36,146,210,52,124,98,53,180,210,97,17,132]},"blobType":"BlockBlob","leaseStatus":"unlocked","leaseState":"available","serverEncrypted":true,"accessTier":"Hot","accessTierInferred":true,"accessTierChangeTime":"2025-11-05T02:58:32.068Z"},"snapshot":"","isCommitted":true,"persistency":{"id":"8462d4eb-0669-4a91-94c0-9246c1d836d7","offset":6,"count":6},"meta":{"revision":0,"created":1762311512073,"version":0},"$loki":18},{"deleted":false,"accountName":"devstoreaccount1","containerName":"azure-webjobs-hosts","name":"blobreceipts/bibix-466276541/Host.Functions.BlobWatcher/\"0x1BB8DAED76EE7B0\"/my-container/test_251104-5811/04/2531.txt","properties":{"creationTime":"2025-11-05T02:58:33.147Z","lastModified":"2025-11-05T02:58:33.237Z","etag":"\"0x20BB34AC47A1440\"","contentLength":0,"contentType":"application/octet-stream","contentMD5":{"type":"Buffer","data":[212,29,140,217,143,0,178,4,233,128,9,152,236,248,66,126]},"blobType":"BlockBlob","leaseStatus":"unlocked","leaseState":"available","serverEncrypted":true,"accessTier":"Hot","accessTierInferred":true,"accessTierChangeTime":"2025-11-05T02:58:33.147Z"},"snapshot":"","isCommitted":true,"persistency":{"id":"8462d4eb-0669-4a91-94c0-9246c1d836d7","offset":12,"count":0},"meta":{"revision":3,"created":1762311513150,"version":0,"updated":1762311513262},"$loki":19},{"deleted":false,"accountName":"devstoreaccount1","containerName":"my-container","name":"test_251105-0111/05/2523.txt","properties":{"creationTime":"2025-11-05T03:01:24.221Z","lastModified":"2025-11-05T03:01:24.221Z","etag":"\"0x1F5D1792004D1F0\"","contentLength":6,"contentType":"text/plain","contentMD5":{"type":"Buffer","data":[177,148,106,201,36,146,210,52,124,98,53,180,210,97,17,132]},"blobType":"BlockBlob","leaseStatus":"unlocked","leaseState":"available","serverEncrypted":true,"accessTier":"Hot","accessTierInferred":true,"accessTierChangeTime":"2025-11-05T03:01:24.221Z"},"snapshot":"","isCommitted":true,"persistency":{"id":"8462d4eb-0669-4a91-94c0-9246c1d836d7","offset":12,"count":6},"meta":{"revision":0,"created":1762311684226,"version":0},"$loki":20},{"deleted":false,"accountName":"devstoreaccount1","containerName":"azure-webjobs-hosts","name":"blobreceipts/bibix-466276541/Host.Functions.BlobWatcher/\"0x1F5D1792004D1F0\"/my-container/test_251105-0111/05/2523.txt","properties":{"creationTime":"2025-11-05T03:01:26.076Z","lastModified":"2025-11-05T03:01:26.167Z","etag":"\"0x26D80D96BA06E00\"","contentLength":0,"contentType":"application/octet-stream","contentMD5":{"type":"Buffer","data":[212,29,140,217,143,0,178,4,233,128,9,152,236,248,66,126]},"blobType":"BlockBlob","leaseStatus":"unlocked","leaseState":"available","serverEncrypted":true,"accessTier":"Hot","accessTierInferred":true,"accessTierChangeTime":"2025-11-05T03:01:26.076Z"},"snapshot":"","isCommitted":true,"persistency":{"id":"8462d4eb-0669-4a91-94c0-9246c1d836d7","offset":18,"count":0},"meta":{"revision":3,"created":1762311686080,"version":0,"updated":1762311686180},"$loki":21},{"deleted":false,"accountName":"devstoreaccount1","containerName":"my-container","name":"test_251105-0411/05/2541.txt","properties":{"creationTime":"2025-11-05T03:04:42.445Z","lastModified":"2025-11-05T03:04:42.445Z","etag":"\"0x21287FD4E8C5A00\"","contentLength":6,"contentType":"text/plain","contentMD5":{"type":"Buffer","data":[177,148,106,201,36,146,210,52,124,98,53,180,210,97,17,132]},"blobType":"BlockBlob","leaseStatus":"unlocked","leaseState":"available","serverEncrypted":true,"accessTier":"Hot","accessTierInferred":true,"accessTierChangeTime":"2025-11-05T03:04:42.445Z"},"snapshot":"","isCommitted":true,"persistency":{"id":"8462d4eb-0669-4a91-94c0-9246c1d836d7","offset":18,"count":6},"meta":{"revision":0,"created":1762311882450,"version":0},"$loki":22},{"deleted":false,"accountName":"devstoreaccount1","containerName":"azure-webjobs-hosts","name":"blobreceipts/bibix-466276541/Host.Functions.BlobWatcher/\"0x21287FD4E8C5A00\"/my-container/test_251105-0411/05/2541.txt","properties":{"creationTime":"2025-11-05T03:04:42.754Z","lastModified":"2025-11-05T03:04:42.792Z","etag":"\"0x23056FBD55C0580\"","contentLength":0,"contentType":"application/octet-stream","contentMD5":{"type":"Buffer","data":[212,29,140,217,143,0,178,4,233,128,9,152,236,248,66,126]},"blobType":"BlockBlob","leaseStatus":"unlocked","leaseState":"available","serverEncrypted":true,"accessTier":"Hot","accessTierInferred":true,"accessTierChangeTime":"2025-11-05T03:04:42.754Z"},"snapshot":"","isCommitted":true,"persistency":{"id":"8462d4eb-0669-4a91-94c0-9246c1d836d7","offset":24,"count":0},"meta":{"revision":3,"created":1762311882759,"version":0,"updated":1762311882800},"$loki":23},{"deleted":false,"accountName":"devstoreaccount1","containerName":"my-container","name":"test_251105-1111/05/2540.txt","properties":{"creationTime":"2025-11-05T03:11:40.919Z","lastModified":"2025-11-05T03:11:40.919Z","etag":"\"0x2195FE5A8AE04A0\"","contentLength":6,"contentType":"text/plain","contentMD5":{"type":"Buffer","data":[177,148,106,201,36,146,210,52,124,98,53,180,210,97,17,132]},"blobType":"BlockBlob","leaseStatus":"unlocked","leaseState":"available","serverEncrypted":true,"accessTier":"Hot","accessTierInferred":true,"accessTierChangeTime":"2025-11-05T03:11:40.919Z"},"snapshot":"","isCommitted":true,"persistency":{"id":"8462d4eb-0669-4a91-94c0-9246c1d836d7","offset":24,"count":6},"meta":{"revision":0,"created":1762312300924,"version":0},"$loki":24},{"deleted":false,"accountName":"devstoreaccount1","containerName":"azure-webjobs-hosts","name":"blobreceipts/bibix-466276541/Host.Functions.BlobWatcher/\"0x2195FE5A8AE04A0\"/my-container/test_251105-1111/05/2540.txt","properties":{"creationTime":"2025-11-05T03:11:41.310Z","lastModified":"2025-11-05T03:11:41.380Z","etag":"\"0x250F8E1FF8ED000\"","contentLength":0,"contentType":"application/octet-stream","contentMD5":{"type":"Buffer","data":[212,29,140,217,143,0,178,4,233,128,9,152,236,248,66,126]},"blobType":"BlockBlob","leaseStatus":"unlocked","leaseState":"available","serverEncrypted":true,"accessTier":"Hot","accessTierInferred":true,"accessTierChangeTime":"2025-11-05T03:11:41.310Z"},"snapshot":"","isCommitted":true,"persistency":{"id":"8462d4eb-0669-4a91-94c0-9246c1d836d7","offset":30,"count":0},"meta":{"revision":3,"created":1762312301312,"version":0,"updated":1762312301407},"$loki":25},{"deleted":false,"accountName":"devstoreaccount1","containerName":"my-container","name":"test_20251105005946.txt","properties":{"creationTime":"2025-11-05T03:59:47.132Z","lastModified":"2025-11-05T03:59:47.132Z","etag":"\"0x2628AA24CEC0760\"","contentLength":6,"contentType":"text/plain","contentMD5":{"type":"Buffer","data":[177,148,106,201,36,146,210,52,124,98,53,180,210,97,17,132]},"blobType":"BlockBlob","leaseStatus":"unlocked","leaseState":"available","serverEncrypted":true,"accessTier":"Hot","accessTierInferred":true,"accessTierChangeTime":"2025-11-05T03:59:47.132Z"},"snapshot":"","isCommitted":true,"persistency":{"id":"8462d4eb-0669-4a91-94c0-9246c1d836d7","offset":30,"count":6},"meta":{"revision":0,"created":1762315187138,"version":0},"$loki":26},{"deleted":false,"accountName":"devstoreaccount1","containerName":"azure-webjobs-hosts","name":"blobreceipts/bibix-466276541/Host.Functions.BlobWatcher/\"0x2628AA24CEC0760\"/my-container/test_20251105005946.txt","properties":{"creationTime":"2025-11-05T03:59:49.067Z","lastModified":"2025-11-05T03:59:49.099Z","etag":"\"0x1C893C72181FDB0\"","contentLength":0,"contentType":"application/octet-stream","contentMD5":{"type":"Buffer","data":[212,29,140,217,143,0,178,4,233,128,9,152,236,248,66,126]},"blobType":"BlockBlob","leaseStatus":"unlocked","leaseState":"available","serverEncrypted":true,"accessTier":"Hot","accessTierInferred":true,"accessTierChangeTime":"2025-11-05T03:59:49.067Z"},"snapshot":"","isCommitted":true,"persistency":{"id":"8462d4eb-0669-4a91-94c0-9246c1d836d7","offset":36,"count":0},"meta":{"revision":3,"created":1762315189070,"version":0,"updated":1762315189106},"$loki":27},{"deleted":false,"accountName":"devstoreaccount1","containerName":"my-container","name":"test_20251105010140.txt","properties":{"creationTime":"2025-11-05T04:01:40.886Z","lastModified":"2025-11-05T04:01:40.886Z","etag":"\"0x1D04F43789996C0\"","contentLength":6,"contentType":"text/plain","contentMD5":{"type":"Buffer","data":[177,148,106,201,36,146,210,52,124,98,53,180,210,97,17,132]},"blobType":"BlockBlob","leaseStatus":"unlocked","leaseState":"available","serverEncrypted":true,"accessTier":"Hot","accessTierInferred":true,"accessTierChangeTime":"2025-11-05T04:01:40.886Z"},"snapshot":"","isCommitted":true,"persistency":{"id":"8462d4eb-0669-4a91-94c0-9246c1d836d7","offset":36,"count":6},"meta":{"revision":0,"created":1762315300889,"version":0},"$loki":28},{"deleted":false,"accountName":"devstoreaccount1","containerName":"azure-webjobs-hosts","name":"blobreceipts/bibix-466276541/Host.Functions.BlobWatcher/\"0x1D04F43789996C0\"/my-container/test_20251105010140.txt","properties":{"creationTime":"2025-11-05T04:01:41.440Z","lastModified":"2025-11-05T04:01:41.462Z","etag":"\"0x256887134F3E780\"","contentLength":0,"contentType":"application/octet-stream","contentMD5":{"type":"Buffer","data":[212,29,140,217,143,0,178,4,233,128,9,152,236,248,66,126]},"blobType":"BlockBlob","leaseStatus":"unlocked","leaseState":"available","serverEncrypted":true,"accessTier":"Hot","accessTierInferred":true,"accessTierChangeTime":"2025-11-05T04:01:41.440Z"},"snapshot":"","isCommitted":true,"persistency":{"id":"8462d4eb-0669-4a91-94c0-9246c1d836d7","offset":42,"count":0},"meta":{"revision":3,"created":1762315301442,"version":0,"updated":1762315301469},"$loki":29},{"deleted":false,"accountName":"devstoreaccount1","containerName":"my-container","name":"test_20251105010518.txt","properties":{"creationTime":"2025-11-05T04:05:19.762Z","lastModified":"2025-11-05T04:05:19.762Z","etag":"\"0x2295285B6F42720\"","contentLength":6,"contentType":"text/plain","contentMD5":{"type":"Buffer","data":[177,148,106,201,36,146,210,52,124,98,53,180,210,97,17,132]},"blobType":"BlockBlob","leaseStatus":"unlocked","leaseState":"available","serverEncrypted":true,"accessTier":"Hot","accessTierInferred":true,"accessTierChangeTime":"2025-11-05T04:05:19.762Z"},"snapshot":"","isCommitted":true,"persistency":{"id":"8462d4eb-0669-4a91-94c0-9246c1d836d7","offset":42,"count":6},"meta":{"revision":0,"created":1762315519766,"version":0},"$loki":30},{"deleted":false,"accountName":"devstoreaccount1","containerName":"azure-webjobs-hosts","name":"blobreceipts/bibix-466276541/Host.Functions.BlobWatcher/\"0x2295285B6F42720\"/my-container/test_20251105010518.txt","properties":{"creationTime":"2025-11-05T04:05:20.167Z","lastModified":"2025-11-05T04:05:20.252Z","etag":"\"0x267F37F41C66220\"","contentLength":0,"contentType":"application/octet-stream","contentMD5":{"type":"Buffer","data":[212,29,140,217,143,0,178,4,233,128,9,152,236,248,66,126]},"blobType":"BlockBlob","leaseStatus":"unlocked","leaseState":"available","serverEncrypted":true,"accessTier":"Hot","accessTierInferred":true,"accessTierChangeTime":"2025-11-05T04:05:20.167Z"},"snapshot":"","isCommitted":true,"persistency":{"id":"8462d4eb-0669-4a91-94c0-9246c1d836d7","offset":48,"count":0},"meta":{"revision":3,"created":1762315520170,"version":0,"updated":1762315520262},"$loki":31},{"deleted":false,"accountName":"devstoreaccount1","containerName":"my-container","name":"test_20251105010611.txt","properties":{"creationTime":"2025-11-05T04:06:12.436Z","lastModified":"2025-11-05T04:06:12.436Z","etag":"\"0x20FF24F817394C0\"","contentLength":6,"contentType":"text/plain","contentMD5":{"type":"Buffer","data":[177,148,106,201,36,146,210,52,124,98,53,180,210,97,17,132]},"blobType":"BlockBlob","leaseStatus":"unlocked","leaseState":"available","serverEncrypted":true,"accessTier":"Hot","accessTierInferred":true,"accessTierChangeTime":"2025-11-05T04:06:12.436Z"},"snapshot":"","isCommitted":true,"persistency":{"id":"8462d4eb-0669-4a91-94c0-9246c1d836d7","offset":48,"count":6},"meta":{"revision":0,"created":1762315572441,"version":0},"$loki":32},{"deleted":false,"accountName":"devstoreaccount1","containerName":"azure-webjobs-hosts","name":"blobreceipts/bibix-466276541/Host.Functions.BlobWatcher/\"0x20FF24F817394C0\"/my-container/test_20251105010611.txt","properties":{"creationTime":"2025-11-05T04:06:14.213Z","lastModified":"2025-11-05T04:06:14.280Z","etag":"\"0x234DE1EE37A33C0\"","contentLength":0,"contentType":"application/octet-stream","contentMD5":{"type":"Buffer","data":[212,29,140,217,143,0,178,4,233,128,9,152,236,248,66,126]},"blobType":"BlockBlob","leaseStatus":"unlocked","leaseState":"available","serverEncrypted":true,"accessTier":"Hot","accessTierInferred":true,"accessTierChangeTime":"2025-11-05T04:06:14.213Z"},"snapshot":"","isCommitted":true,"persistency":{"id":"8462d4eb-0669-4a91-94c0-9246c1d836d7","offset":54,"count":0},"meta":{"revision":3,"created":1762315574215,"version":0,"updated":1762315574294},"$loki":33},{"deleted":false,"accountName":"devstoreaccount1","containerName":"my-container","name":"test_20251105011013.txt","properties":{"creationTime":"2025-11-05T04:10:14.573Z","lastModified":"2025-11-05T04:10:14.573Z","etag":"\"0x1E577376C6AD880\"","contentLength":6,"contentType":"text/plain","contentMD5":{"type":"Buffer","data":[177,148,106,201,36,146,210,52,124,98,53,180,210,97,17,132]},"blobType":"BlockBlob","leaseStatus":"unlocked","leaseState":"available","serverEncrypted":true,"accessTier":"Hot","accessTierInferred":true,"accessTierChangeTime":"2025-11-05T04:10:14.573Z"},"snapshot":"","isCommitted":true,"persistency":{"id":"8462d4eb-0669-4a91-94c0-9246c1d836d7","offset":54,"count":6},"meta":{"revision":0,"created":1762315814578,"version":0},"$loki":34},{"deleted":false,"accountName":"devstoreaccount1","containerName":"azure-webjobs-hosts","name":"blobreceipts/bibix-466276541/Host.Functions.BlobWatcher/\"0x1E577376C6AD880\"/my-container/test_20251105011013.txt","properties":{"creationTime":"2025-11-05T04:10:15.475Z","lastModified":"2025-11-05T04:10:15.548Z","etag":"\"0x264F56085D8BBA0\"","contentLength":0,"contentType":"application/octet-stream","contentMD5":{"type":"Buffer","data":[212,29,140,217,143,0,178,4,233,128,9,152,236,248,66,126]},"blobType":"BlockBlob","leaseStatus":"unlocked","leaseState":"available","serverEncrypted":true,"accessTier":"Hot","accessTierInferred":true,"accessTierChangeTime":"2025-11-05T04:10:15.475Z"},"snapshot":"","isCommitted":true,"persistency":{"id":"8462d4eb-0669-4a91-94c0-9246c1d836d7","offset":60,"count":0},"meta":{"revision":3,"created":1762315815477,"version":0,"updated":1762315815563},"$loki":35},{"deleted":false,"accountName":"devstoreaccount1","containerName":"my-container","name":"test_20251105011655.txt","properties":{"creationTime":"2025-11-05T04:16:56.499Z","lastModified":"2025-11-05T04:16:56.499Z","etag":"\"0x20ADCDF5218B6A0\"","contentLength":6,"contentType":"text/plain","contentMD5":{"type":"Buffer","data":[177,148,106,201,36,146,210,52,124,98,53,180,210,97,17,132]},"blobType":"BlockBlob","leaseStatus":"unlocked","leaseState":"available","serverEncrypted":true,"accessTier":"Hot","accessTierInferred":true,"accessTierChangeTime":"2025-11-05T04:16:56.499Z"},"snapshot":"","isCommitted":true,"persistency":{"id":"8462d4eb-0669-4a91-94c0-9246c1d836d7","offset":60,"count":6},"meta":{"revision":0,"created":1762316216504,"version":0},"$loki":36},{"deleted":false,"accountName":"devstoreaccount1","containerName":"azure-webjobs-hosts","name":"blobreceipts/bibix-466276541/Host.Functions.BlobWatcher/\"0x20ADCDF5218B6A0\"/my-container/test_20251105011655.txt","properties":{"creationTime":"2025-11-05T04:16:57.508Z","lastModified":"2025-11-05T04:16:57.592Z","etag":"\"0x222A2C502F0C8A0\"","contentLength":0,"contentType":"application/octet-stream","contentMD5":{"type":"Buffer","data":[212,29,140,217,143,0,178,4,233,128,9,152,236,248,66,126]},"blobType":"BlockBlob","leaseStatus":"unlocked","leaseState":"available","serverEncrypted":true,"accessTier":"Hot","accessTierInferred":true,"accessTierChangeTime":"2025-11-05T04:16:57.508Z"},"snapshot":"","isCommitted":true,"persistency":{"id":"8462d4eb-0669-4a91-94c0-9246c1d836d7","offset":66,"count":0},"meta":{"revision":3,"created":1762316217514,"version":0,"updated":1762316217614},"$loki":37},{"deleted":false,"accountName":"devstoreaccount1","containerName":"my-container","name":"test_20251105011900.txt","properties":{"creationTime":"2025-11-05T04:19:00.927Z","lastModified":"2025-11-05T04:19:00.927Z","etag":"\"0x1F04751B89C46C0\"","contentLength":6,"contentType":"text/plain","contentMD5":{"type":"Buffer","data":[177,148,106,201,36,146,210,52,124,98,53,180,210,97,17,132]},"blobType":"BlockBlob","leaseStatus":"unlocked","leaseState":"available","serverEncrypted":true,"accessTier":"Hot","accessTierInferred":true,"accessTierChangeTime":"2025-11-05T04:19:00.927Z"},"snapshot":"","isCommitted":true,"persistency":{"id":"8462d4eb-0669-4a91-94c0-9246c1d836d7","offset":66,"count":6},"meta":{"revision":0,"created":1762316340930,"version":0},"$loki":38},{"deleted":false,"accountName":"devstoreaccount1","containerName":"azure-webjobs-hosts","name":"blobreceipts/bibix-466276541/Host.Functions.BlobWatcher/\"0x1F04751B89C46C0\"/my-container/test_20251105011900.txt","properties":{"creationTime":"2025-11-05T04:19:02.078Z","lastModified":"2025-11-05T04:19:02.158Z","etag":"\"0x1F979DBA8581A40\"","contentLength":0,"contentType":"application/octet-stream","contentMD5":{"type":"Buffer","data":[212,29,140,217,143,0,178,4,233,128,9,152,236,248,66,126]},"blobType":"BlockBlob","leaseStatus":"unlocked","leaseState":"available","serverEncrypted":true,"accessTier":"Hot","accessTierInferred":true,"accessTierChangeTime":"2025-11-05T04:19:02.078Z"},"snapshot":"","isCommitted":true,"persistency":{"id":"8462d4eb-0669-4a91-94c0-9246c1d836d7","offset":72,"count":0},"meta":{"revision":3,"created":1762316342083,"version":0,"updated":1762316342183},"$loki":39},{"deleted":false,"accountName":"devstoreaccount1","containerName":"my-container","name":"test_20251105013248.txt","properties":{"creationTime":"2025-11-05T04:32:49.171Z","lastModified":"2025-11-05T04:32:49.171Z","etag":"\"0x26DECBBAE598E60\"","contentLength":6,"contentType":"text/plain","contentMD5":{"type":"Buffer","data":[177,148,106,201,36,146,210,52,124,98,53,180,210,97,17,132]},"blobType":"BlockBlob","leaseStatus":"unlocked","leaseState":"available","serverEncrypted":true,"accessTier":"Hot","accessTierInferred":true,"accessTierChangeTime":"2025-11-05T04:32:49.171Z"},"snapshot":"","isCommitted":true,"persistency":{"id":"8462d4eb-0669-4a91-94c0-9246c1d836d7","offset":72,"count":6},"meta":{"revision":0,"created":1762317169175,"version":0},"$loki":40},{"deleted":false,"accountName":"devstoreaccount1","containerName":"azure-webjobs-hosts","name":"blobreceipts/bibix-466276541/Host.Functions.BlobWatcher/\"0x26DECBBAE598E60\"/my-container/test_20251105013248.txt","properties":{"creationTime":"2025-11-05T04:32:49.537Z","lastModified":"2025-11-05T04:32:49.606Z","etag":"\"0x269390449FABB40\"","contentLength":0,"contentType":"application/octet-stream","contentMD5":{"type":"Buffer","data":[212,29,140,217,143,0,178,4,233,128,9,152,236,248,66,126]},"blobType":"BlockBlob","leaseStatus":"unlocked","leaseState":"available","serverEncrypted":true,"accessTier":"Hot","accessTierInferred":true,"accessTierChangeTime":"2025-11-05T04:32:49.537Z"},"snapshot":"","isCommitted":true,"persistency":{"id":"8462d4eb-0669-4a91-94c0-9246c1d836d7","offset":78,"count":0},"meta":{"revision":3,"created":1762317169539,"version":0,"updated":1762317169628},"$loki":41},{"deleted":false,"accountName":"devstoreaccount1","containerName":"my-container","name":"test_20251105013326.txt","properties":{"creationTime":"2025-11-05T04:33:27.464Z","lastModified":"2025-11-05T04:33:27.464Z","etag":"\"0x226762B8A144140\"","contentLength":6,"contentType":"text/plain","contentMD5":{"type":"Buffer","data":[177,148,106,201,36,146,210,52,124,98,53,180,210,97,17,132]},"blobType":"BlockBlob","leaseStatus":"unlocked","leaseState":"available","serverEncrypted":true,"accessTier":"Hot","accessTierInferred":true,"accessTierChangeTime":"2025-11-05T04:33:27.464Z"},"snapshot":"","isCommitted":true,"persistency":{"id":"8462d4eb-0669-4a91-94c0-9246c1d836d7","offset":78,"count":6},"meta":{"revision":0,"created":1762317207470,"version":0},"$loki":42},{"deleted":false,"accountName":"devstoreaccount1","containerName":"azure-webjobs-hosts","name":"blobreceipts/bibix-466276541/Host.Functions.BlobWatcher/\"0x226762B8A144140\"/my-container/test_20251105013326.txt","properties":{"creationTime":"2025-11-05T04:33:27.777Z","lastModified":"2025-11-05T04:33:27.799Z","etag":"\"0x1C69E3ACADF5DE0\"","contentLength":0,"contentType":"application/octet-stream","contentMD5":{"type":"Buffer","data":[212,29,140,217,143,0,178,4,233,128,9,152,236,248,66,126]},"blobType":"BlockBlob","leaseStatus":"unlocked","leaseState":"available","serverEncrypted":true,"accessTier":"Hot","accessTierInferred":true,"accessTierChangeTime":"2025-11-05T04:33:27.777Z"},"snapshot":"","isCommitted":true,"persistency":{"id":"8462d4eb-0669-4a91-94c0-9246c1d836d7","offset":84,"count":0},"meta":{"revision":3,"created":1762317207781,"version":0,"updated":1762317207804},"$loki":43},{"deleted":false,"accountName":"devstoreaccount1","containerName":"my-container","name":"test_20251105015030.txt","properties":{"creationTime":"2025-11-05T04:50:30.948Z","lastModified":"2025-11-05T04:50:30.948Z","etag":"\"0x1C2B15464392BF0\"","contentLength":6,"contentType":"text/plain","contentMD5":{"type":"Buffer","data":[177,148,106,201,36,146,210,52,124,98,53,180,210,97,17,132]},"blobType":"BlockBlob","leaseStatus":"unlocked","leaseState":"available","serverEncrypted":true,"accessTier":"Hot","accessTierInferred":true,"accessTierChangeTime":"2025-11-05T04:50:30.948Z"},"snapshot":"","isCommitted":true,"persistency":{"id":"8462d4eb-0669-4a91-94c0-9246c1d836d7","offset":84,"count":6},"meta":{"revision":0,"created":1762318230952,"version":0},"$loki":44},{"deleted":false,"accountName":"devstoreaccount1","containerName":"azure-webjobs-hosts","name":"blobreceipts/bibix-466276541/Host.Functions.BlobWatcher/\"0x1C2B15464392BF0\"/my-container/test_20251105015030.txt","properties":{"creationTime":"2025-11-05T04:50:32.015Z","lastModified":"2025-11-05T04:50:32.078Z","etag":"\"0x25C4E7F0868B680\"","contentLength":0,"contentType":"application/octet-stream","contentMD5":{"type":"Buffer","data":[212,29,140,217,143,0,178,4,233,128,9,152,236,248,66,126]},"blobType":"BlockBlob","leaseStatus":"unlocked","leaseState":"available","serverEncrypted":true,"accessTier":"Hot","accessTierInferred":true,"accessTierChangeTime":"2025-11-05T04:50:32.015Z"},"snapshot":"","isCommitted":true,"persistency":{"id":"8462d4eb-0669-4a91-94c0-9246c1d836d7","offset":90,"count":0},"meta":{"revision":3,"created":1762318232018,"version":0,"updated":1762318232088},"$loki":45},{"deleted":false,"accountName":"devstoreaccount1","containerName":"my-container","name":"test_20251105020132.txt","properties":{"creationTime":"2025-11-05T05:01:33.288Z","lastModified":"2025-11-05T05:01:33.288Z","etag":"\"0x1BB15F2743CEF50\"","contentLength":6,"contentType":"text/plain","contentMD5":{"type":"Buffer","data":[177,148,106,201,36,146,210,52,124,98,53,180,210,97,17,132]},"blobType":"BlockBlob","leaseStatus":"unlocked","leaseState":"available","serverEncrypted":true,"accessTier":"Hot","accessTierInferred":true,"accessTierChangeTime":"2025-11-05T05:01:33.288Z"},"snapshot":"","isCommitted":true,"persistency":{"id":"8462d4eb-0669-4a91-94c0-9246c1d836d7","offset":90,"count":6},"meta":{"revision":0,"created":1762318893293,"version":0},"$loki":46},{"deleted":false,"accountName":"devstoreaccount1","containerName":"azure-webjobs-hosts","name":"blobreceipts/bibix-466276541/Host.Functions.BlobWatcher/\"0x1BB15F2743CEF50\"/my-container/test_20251105020132.txt","properties":{"creationTime":"2025-11-05T05:01:34.959Z","lastModified":"2025-11-05T05:01:35.027Z","etag":"\"0x26FB416FFE1C240\"","contentLength":0,"contentType":"application/octet-stream","contentMD5":{"type":"Buffer","data":[212,29,140,217,143,0,178,4,233,128,9,152,236,248,66,126]},"blobType":"BlockBlob","leaseStatus":"unlocked","leaseState":"available","serverEncrypted":true,"accessTier":"Hot","accessTierInferred":true,"accessTierChangeTime":"2025-11-05T05:01:34.959Z"},"snapshot":"","isCommitted":true,"persistency":{"id":"8462d4eb-0669-4a91-94c0-9246c1d836d7","offset":96,"count":0},"meta":{"revision":3,"created":1762318894962,"version":0,"updated":1762318895039},"$loki":47}],"idIndex":[1,3,4,6,9,10,11,12,13,14,15,16,17,18,19,20,21,22,23,24,25,26,27,28,29,30,31,32,33,34,35,36,37,38,39,40,41,42,43,44,45,46,47],"binaryIndices":{"accountName":{"name":"accountName","dirty":false,"values":[0,2,42,41,40,39,38,37,36,35,34,33,32,31,30,29,28,27,26,25,24,23,22,21,20,19,18,17,16,15,14,13,12,11,10,9,8,7,6,5,4,3,1]},"containerName":{"name":"containerName","dirty":false,"values":[0,2,42,40,38,36,34,32,30,28,26,24,22,20,18,16,14,12,10,8,6,4,1,41,39,37,35,33,31,29,27,25,23,21,19,17,15,13,11,9,7,5,3]},"name":{"name":"name","dirty":false,"values":[3,1,42,14,4,40,24,30,12,34,16,6,32,28,18,20,38,26,8,22,10,36,2,0,5,21,23,25,27,29,31,33,35,37,39,41,7,9,11,13,15,17,19]},"snapshot":{"name":"snapshot","dirty":false,"values":[0,2,42,41,40,39,38,37,36,35,34,33,32,31,30,29,28,27,26,25,24,23,22,21,20,19,18,17,16,15,14,13,12,11,10,9,8,7,6,5,4,3,1]}},"constraints":null,"uniqueNames":[],"transforms":{},"objType":"$BLOBS_COLLECTION$","dirty":false,"cachedIndex":null,"cachedBinaryIndex":null,"cachedData":null,"adaptiveBinaryIndices":true,"transactional":false,"cloneObjects":false,"cloneMethod":"parse-stringify","asyncListeners":false,"disableMeta":false,"disableChangesApi":true,"disableDeltaChangesApi":true,"autoupdate":false,"serializableIndices":true,"disableFreeze":true,"ttl":null,"maxId":47,"DynamicViews":[],"events":{"insert":[],"update":[],"pre-insert":[],"pre-update":[],"close":[],"flushbuffer":[],"error":[],"delete":[null],"warning":[null]},"changes":[],"dirtyIds":[]},{"name":"$BLOCKS_COLLECTION$","data":[],"idIndex":null,"binaryIndices":{"accountName":{"name":"accountName","dirty":false,"values":[]},"containerName":{"name":"containerName","dirty":false,"values":[]},"blobName":{"name":"blobName","dirty":false,"values":[]},"name":{"name":"name","dirty":false,"values":[]}},"constraints":null,"uniqueNames":[],"transforms":{},"objType":"$BLOCKS_COLLECTION$","dirty":false,"cachedIndex":null,"cachedBinaryIndex":null,"cachedData":null,"adaptiveBinaryIndices":true,"transactional":false,"cloneObjects":false,"cloneMethod":"parse-stringify","asyncListeners":false,"disableMeta":false,"disableChangesApi":true,"disableDeltaChangesApi":true,"autoupdate":false,"serializableIndices":true,"disableFreeze":true,"ttl":null,"maxId":0,"DynamicViews":[],"events":{"insert":[],"update":[],"pre-insert":[],"pre-update":[],"close":[],"flushbuffer":[],"error":[],"delete":[null],"warning":[null]},"changes":[],"dirtyIds":[]}],"databaseVersion":1.5,"engineVersion":1.5,"autosave":true,"autosaveInterval":5000,"autosaveHandle":null,"throttledSaves":true,"options":{"persistenceMethod":"fs","autosave":true,"autosaveInterval":5000,"serializationMethod":"normal","destructureDelimiter":"$<\n"},"persistenceMethod":"fs","persistenceAdapter":null,"verbose":false,"events":{"init":[null],"loaded":[],"flushChanges":[],"close":[],"changes":[],"warning":[]},"ENV":"NODEJS"}