{"filename":"azurite/__azurite_db_queue__.json","collections":[{"name":"$SERVICES_COLLECTION$","data":[],"idIndex":null,"binaryIndices":{},"constraints":null,"uniqueNames":["accountName"],"transforms":{},"objType":"$SERVICES_COLLECTION$","dirty":false,"cachedIndex":null,"cachedBinaryIndex":null,"cachedData":null,"adaptiveBinaryIndices":true,"transactional":false,"cloneObjects":false,"cloneMethod":"parse-stringify","asyncListeners":false,"disableMeta":false,"disableChangesApi":true,"disableDeltaChangesApi":true,"autoupdate":false,"serializableIndices":true,"disableFreeze":true,"ttl":null,"maxId":0,"DynamicViews":[],"events":{"insert":[],"update":[],"pre-insert":[],"pre-update":[],"close":[],"flushbuffer":[],"error":[],"delete":[null],"warning":[null]},"changes":[],"dirtyIds":[]},{"name":"$QUEUES_COLLECTION$","data":[{"accountName":"devstoreaccount1","name":"azure-webjobs-blobtrigger-bibix-466276541","metadata":{},"meta":{"revision":0,"created":1762309099868,"version":0},"$loki":1},{"accountName":"devstoreaccount1","name":"webjobs-blobtrigger-poison","metadata":{},"meta":{"revision":0,"created":1762309101100,"version":0},"$loki":2}],"idIndex":null,"binaryIndices":{"accountName":{"name":"accountName","dirty":false,"values":[1,0]},"name":{"name":"name","dirty":false,"values":[0,1]}},"constraints":null,"uniqueNames":[],"transforms":{},"objType":"$QUEUES_COLLECTION$","dirty":false,"cachedIndex":null,"cachedBinaryIndex":null,"cachedData":null,"adaptiveBinaryIndices":true,"transactional":false,"cloneObjects":false,"cloneMethod":"parse-stringify","asyncListeners":false,"disableMeta":false,"disableChangesApi":true,"disableDeltaChangesApi":true,"autoupdate":false,"serializableIndices":true,"disableFreeze":true,"ttl":null,"maxId":2,"DynamicViews":[],"events":{"insert":[],"update":[],"pre-insert":[],"pre-update":[],"close":[],"flushbuffer":[],"error":[],"delete":[null],"warning":[null]},"changes":[],"dirtyIds":[]},{"name":"$MESSAGES_COLLECTION$","data":[{"accountName":"devstoreaccount1","queueName":"webjobs-blobtrigger-poison","messageId":"a88b6f95-a2f0-496f-a141-731229c2baf4","popReceipt":"MDVOb3YyMDI1MDI6MTg6MjFkZjg5","timeNextVisible":1762309101104,"persistency":{"id":"d4e3d56f-d467-4fb5-a37c-355905e54fbe","offset":792,"count":264},"insertionTime":"2025-11-05T02:18:21.104Z","expirationTime":"2025-11-12T02:18:21.104Z","dequeueCount":0,"meta":{"revision":0,"created":1762309101108,"version":0},"$loki":2},{"accountName":"devstoreaccount1","queueName":"webjobs-blobtrigger-poison","messageId":"ad90e681-d976-454f-b795-f6f96ae57533","popReceipt":"MDVOb3YyMDI1MDI6MjA6Mzk0NDk5","timeNextVisible":1762309239606,"persistency":{"id":"d4e3d56f-d467-4fb5-a37c-355905e54fbe","offset":1320,"count":264},"insertionTime":"2025-11-05T02:20:39.606Z","expirationTime":"2025-11-12T02:20:39.606Z","dequeueCount":0,"meta":{"revision":0,"created":1762309239615,"version":0},"$loki":4},{"accountName":"devstoreaccount1","queueName":"webjobs-blobtrigger-poison","messageId":"cdf79022-caf3-42d6-ac46-42d8e0b6005d","popReceipt":"MDVOb3YyMDI1MDI6Mjc6MzdjOWI4","timeNextVisible":1762309657447,"persistency":{"id":"d4e3d56f-d467-4fb5-a37c-355905e54fbe","offset":1872,"count":288},"insertionTime":"2025-11-05T02:27:37.447Z","expirationTime":"2025-11-12T02:27:37.447Z","dequeueCount":0,"meta":{"revision":0,"created":1762309657452,"version":0},"$loki":6},{"accountName":"devstoreaccount1","queueName":"webjobs-blobtrigger-poison","messageId":"9665efbe-437e-4087-aa1e-8c3e4c835cef","popReceipt":"MDVOb3YyMDI1MDI6MzY6MjQxZTUw","timeNextVisible":1762310184134,"persistency":{"id":"da7b21c0-74fb-427a-9b92-feb1a97eae2f","offset":288,"count":288},"insertionTime":"2025-11-05T02:36:24.134Z","expirationTime":"2025-11-12T02:36:24.134Z","dequeueCount":0,"meta":{"revision":0,"created":1762310184139,"version":0},"$loki":8}],"idIndex":[2,4,6,8],"binaryIndices":{"accountName":{"name":"accountName","dirty":false,"values":[0,1,2,3]},"queueName":{"name":"queueName","dirty":false,"values":[0,1,2,3]},"messageId":{"name":"messageId","dirty":false,"values":[3,0,1,2]},"visibleTime":{"name":"visibleTime","dirty":false,"values":[0,1,2,3]}},"constraints":null,"uniqueNames":[],"transforms":{},"objType":"$MESSAGES_COLLECTION$","dirty":false,"cachedIndex":null,"cachedBinaryIndex":null,"cachedData":null,"adaptiveBinaryIndices":true,"transactional":false,"cloneObjects":false,"cloneMethod":"parse-stringify","asyncListeners":false,"disableMeta":false,"disableChangesApi":true,"disableDeltaChangesApi":true,"autoupdate":false,"serializableIndices":true,"disableFreeze":true,"ttl":null,"maxId":24,"DynamicViews":[],"events":{"insert":[],"update":[],"pre-insert":[],"pre-update":[],"close":[],"flushbuffer":[],"error":[],"delete":[null],"warning":[null]},"changes":[],"dirtyIds":[]}],"databaseVersion":1.5,"engineVersion":1.5,"autosave":true,"autosaveInterval":5000,"autosaveHandle":null,"throttledSaves":true,"options":{"persistenceMethod":"fs","autosave":true,"autosaveInterval":5000,"serializationMethod":"normal","destructureDelimiter":"$<\n"},"persistenceMethod":"fs","persistenceAdapter":null,"verbose":false,"events":{"init":[null],"loaded":[],"flushChanges":[],"close":[],"changes":[],"warning":[]},"ENV":"NODEJS"}